date,keyword,rank
2026-01-30,DJI 매트리스,1
2026-01-30,DJI 매트리스 4,1
2026-01-30,DJI MATRICE,1
2026-01-30,DJI MATRICE 4,1
2026-01-30,Mavic 4 Pro,999
2026-01-30,매빅 4 프로,999
2026-01-30,매빅에어 3s,80
2026-01-30,dji 에어 3s,8
2026-01-30,dji air 3s,8
2026-01-30,mavic air 3s,78
2026-01-30,dji avata2,51
2026-01-30,dji 아바타2,16
2026-01-30,dji 네오2,34
2026-01-30,dji neo2,34
2026-01-30,dji 플립,45
2026-01-30,dji flip,42
2026-01-30,osmo 360,999
2026-01-30,DJI 오즈모 360,22
2026-01-30,DJI 미니 5 프로,32
2026-01-30,mini 5 pro,999
2026-01-30,dji mic 3,8
2026-01-30,dji mic 2,5
2026-01-30,dji mic mini,4
2026-01-30,dji 마이크3,12
2026-01-30,dji 마이크2,7
2026-01-30,dji 마이크 미니,4
2026-01-30,dji terra,1
2026-01-30,dji 테라,1
2026-01-30,픽스포디,35
2026-01-30,pix4d,20
2026-01-30,젠뮤즈 p1,3
2026-01-30,젠뮤즈 L2,4
2026-01-30,젠뮤즈 H30,1
2026-01-30,젠뮤즈 H30T,1
2026-01-30,Zenmuse V1,8
2026-01-30,Zenmuse S1,2
2026-01-30,Zenmuse L2,13
2026-01-30,Zenmuse P1,3
2026-01-30,Zenmuse L3,2
2026-01-30,Zenmuse H30,6
2026-01-30,Zenmuse H30T,3
2026-01-30,M400 RTK,1
2026-01-30,dji m400,1
2026-01-30,dji 매트리스 400,1
2026-01-30,DJI matrice4,1
2026-01-30,DJI 매트리스4,1
2026-01-30,DJI 매트리스4 배터리,1
2026-01-30,DJI FlightHub 2,4
2026-01-30,DJI AS1 Speaker,1
2026-01-30,DJI AL1 SpotLight,1
2026-01-30,dji 모디파이,1
2026-01-30,dji modify,1
2026-01-30,D-RTK 3,84
2026-01-30,D-RTK 모바일스테이션,42
2026-01-30,DJI TB100,15
2026-01-30,DJI TB65,1
2026-01-30,rs4 mini,6
2026-01-30,rs4 미니,6
2026-01-30,dji mini 4k,7
2026-01-30,dji 미니 4k,7
2026-01-30,osmo action 6,14
2026-01-30,오즈모 액션 6,14
2026-01-30,osmo pocket 3,999
2026-01-30,오즈모 포켓 3,999
2026-01-30,오즈모 모바일 8,999
2026-01-30,osmo mobile 8,999
2026-01-30,dji osmo,41
2026-01-30,dji 오즈모,41
2026-01-30,dji ronin,7
2026-01-30,dji 로닌,7
2026-01-30,dji osmo nano,22
2026-01-30,dji 오즈모 나노,22
2026-01-30,osmo nano,999
2026-01-30,오즈모 나노,999
2026-01-30,매트리스4TD,9
2026-01-30,DJI DOCK3,1
2026-01-30,dji 드론,20
2026-01-30,dji drone,20
2026-01-30,산업용 드론,1
2026-01-30,측량용 드론,6
2026-01-30,열화상 드론,1
2026-01-30,촬영용 드론,15
2026-01-30,DJI 관제,1
2026-01-30,유튜브 드론,11
2026-01-30,유튜브 마이크,999
2026-01-30,fpv 드론,999
2026-01-30,dji flighthub,1
2026-01-30,dji flighthub 2,4
2026-01-30,플라이트 허브2,28
2026-01-30,플라이트 허브,92
2026-01-31,DJI 매트리스,1
2026-01-31,DJI 매트리스 4,1
2026-01-31,DJI MATRICE,1
2026-01-31,DJI MATRICE 4,1
2026-01-31,Mavic 4 Pro,999
2026-01-31,매빅 4 프로,999
2026-01-31,매빅에어 3s,49
2026-01-31,dji 에어 3s,14
2026-01-31,dji air 3s,14
2026-01-31,mavic air 3s,48
2026-01-31,dji avata2,60
2026-01-31,dji 아바타2,45
2026-01-31,dji 네오2,65
2026-01-31,dji neo2,65
2026-01-31,dji 플립,20
2026-01-31,dji flip,22
2026-01-31,osmo 360,999
2026-01-31,DJI 오즈모 360,21
2026-01-31,DJI 미니 5 프로,28
2026-01-31,mini 5 pro,999
2026-01-31,dji mic 3,9
2026-01-31,dji mic 2,7
2026-01-31,dji mic mini,5
2026-01-31,dji 마이크3,18
2026-01-31,dji 마이크2,6
2026-01-31,dji 마이크 미니,4
2026-01-31,dji terra,2
2026-01-31,dji 테라,2
2026-01-31,픽스포디,35
2026-01-31,pix4d,14
2026-01-31,젠뮤즈 p1,1
2026-01-31,젠뮤즈 L2,6
2026-01-31,젠뮤즈 H30,3
2026-01-31,젠뮤즈 H30T,1
2026-01-31,Zenmuse V1,8
2026-01-31,Zenmuse S1,2
2026-01-31,Zenmuse L2,13
2026-01-31,Zenmuse P1,3
2026-01-31,Zenmuse L3,2
2026-01-31,Zenmuse H30,6
2026-01-31,Zenmuse H30T,3
2026-01-31,M400 RTK,1
2026-01-31,dji m400,1
2026-01-31,dji 매트리스 400,1
2026-01-31,DJI matrice4,1
2026-01-31,DJI 매트리스4,1
2026-01-31,DJI 매트리스4 배터리,1
2026-01-31,DJI FlightHub 2,4
2026-01-31,DJI AS1 Speaker,1
2026-01-31,DJI AL1 SpotLight,1
2026-01-31,dji 모디파이,1
2026-01-31,dji modify,1
2026-01-31,D-RTK 3,85
2026-01-31,D-RTK 모바일스테이션,41
2026-01-31,DJI TB100,15
2026-01-31,DJI TB65,2
2026-01-31,rs4 mini,6
2026-01-31,rs4 미니,6
2026-01-31,dji mini 4k,6
2026-01-31,dji 미니 4k,6
2026-01-31,osmo action 6,12
2026-01-31,오즈모 액션 6,12
2026-01-31,osmo pocket 3,999
2026-01-31,오즈모 포켓 3,999
2026-01-31,오즈모 모바일 8,999
2026-01-31,osmo mobile 8,999
2026-01-31,dji osmo,35
2026-01-31,dji 오즈모,35
2026-01-31,dji ronin,999
2026-01-31,dji 로닌,1
2026-01-31,dji osmo nano,11
2026-01-31,dji 오즈모 나노,11
2026-01-31,osmo nano,999
2026-01-31,오즈모 나노,999
2026-01-31,매트리스4TD,2
2026-01-31,DJI DOCK3,1
2026-01-31,dji 드론,24
2026-01-31,dji drone,23
2026-01-31,산업용 드론,1
2026-01-31,측량용 드론,6
2026-01-31,열화상 드론,1
2026-01-31,촬영용 드론,70
2026-01-31,DJI 관제,1
2026-01-31,유튜브 드론,14
2026-01-31,유튜브 마이크,999
2026-01-31,fpv 드론,999
2026-01-31,dji flighthub,1
2026-01-31,dji flighthub 2,4
2026-01-31,플라이트 허브2,27
2026-01-31,플라이트 허브,91
2026-02-01,DJI 매트리스,1
2026-02-01,DJI 매트리스 4,1
2026-02-01,DJI MATRICE,1
2026-02-01,DJI MATRICE 4,1
2026-02-01,Mavic 4 Pro,999
2026-02-01,매빅 4 프로,999
2026-02-01,매빅에어 3s,49
2026-02-01,dji 에어 3s,12
2026-02-01,dji air 3s,12
2026-02-01,mavic air 3s,45
2026-02-01,dji avata2,61
2026-02-01,dji 아바타2,47
2026-02-01,dji 네오2,72
2026-02-01,dji neo2,71
2026-02-01,dji 플립,25
2026-02-01,dji flip,26
2026-02-01,osmo 360,999
2026-02-01,DJI 오즈모 360,25
2026-02-01,DJI 미니 5 프로,25
2026-02-01,mini 5 pro,999
2026-02-01,dji mic 3,10
2026-02-01,dji mic 2,7
2026-02-01,dji mic mini,5
2026-02-01,dji 마이크3,10
2026-02-01,dji 마이크2,6
2026-02-01,dji 마이크 미니,5
2026-02-01,dji terra,3
2026-02-01,dji 테라,3
2026-02-01,픽스포디,35
2026-02-01,pix4d,13
2026-02-01,젠뮤즈 p1,1
2026-02-01,젠뮤즈 L2,5
2026-02-01,젠뮤즈 H30,1
2026-02-01,젠뮤즈 H30T,1
2026-02-01,Zenmuse V1,8
2026-02-01,Zenmuse S1,2
2026-02-01,Zenmuse L2,13
2026-02-01,Zenmuse P1,3
2026-02-01,Zenmuse L3,2
2026-02-01,Zenmuse H30,6
2026-02-01,Zenmuse H30T,3
2026-02-01,M400 RTK,1
2026-02-01,dji m400,1
2026-02-01,dji 매트리스 400,1
2026-02-01,DJI matrice4,1
2026-02-01,DJI 매트리스4,1
2026-02-01,DJI 매트리스4 배터리,1
2026-02-01,DJI FlightHub 2,4
2026-02-01,DJI AS1 Speaker,1
2026-02-01,DJI AL1 SpotLight,1
2026-02-01,dji 모디파이,1
2026-02-01,dji modify,1
2026-02-01,D-RTK 3,89
2026-02-01,D-RTK 모바일스테이션,39
2026-02-01,DJI TB100,15
2026-02-01,DJI TB65,1
2026-02-01,rs4 mini,6
2026-02-01,rs4 미니,6
2026-02-01,dji mini 4k,10
2026-02-01,dji 미니 4k,10
2026-02-01,osmo action 6,13
2026-02-01,오즈모 액션 6,13
2026-02-01,osmo pocket 3,999
2026-02-01,오즈모 포켓 3,999
2026-02-01,오즈모 모바일 8,999
2026-02-01,osmo mobile 8,999
2026-02-01,dji osmo,33
2026-02-01,dji 오즈모,33
2026-02-01,dji ronin,999
2026-02-01,dji 로닌,1
2026-02-01,dji osmo nano,12
2026-02-01,dji 오즈모 나노,12
2026-02-01,osmo nano,999
2026-02-01,오즈모 나노,999
2026-02-01,매트리스4TD,2
2026-02-01,DJI DOCK3,1
2026-02-01,dji 드론,17
2026-02-01,dji drone,17
2026-02-01,산업용 드론,1
2026-02-01,측량용 드론,6
2026-02-01,열화상 드론,1
2026-02-01,촬영용 드론,70
2026-02-01,DJI 관제,1
2026-02-01,유튜브 드론,11
2026-02-01,유튜브 마이크,999
2026-02-01,fpv 드론,999
2026-02-01,dji flighthub,1
2026-02-01,dji flighthub 2,4
2026-02-01,플라이트 허브2,25
2026-02-01,플라이트 허브,78
2026-02-03,DJI 매트리스,1
2026-02-03,DJI 매트리스 4,1
2026-02-03,DJI MATRICE,1
2026-02-03,DJI MATRICE 4,1
2026-02-03,Mavic 4 Pro,999
2026-02-03,매빅 4 프로,999
2026-02-03,매빅에어 3s,69
2026-02-03,dji 에어 3s,16
2026-02-03,dji air 3s,16
2026-02-03,mavic air 3s,68
2026-02-03,dji avata2,62
2026-02-03,dji 아바타2,40
2026-02-03,dji 네오2,72
2026-02-03,dji neo2,73
2026-02-03,dji 플립,12
2026-02-03,dji flip,11
2026-02-03,osmo 360,999
2026-02-03,DJI 오즈모 360,27
2026-02-03,DJI 미니 5 프로,57
2026-02-03,mini 5 pro,999
2026-02-03,dji mic 3,11
2026-02-03,dji mic 2,4
2026-02-03,dji mic mini,4
2026-02-03,dji 마이크3,9
2026-02-03,dji 마이크2,5
2026-02-03,dji 마이크 미니,3
2026-02-03,dji terra,3
2026-02-03,dji 테라,3
2026-02-03,픽스포디,34
2026-02-03,pix4d,15
2026-02-03,젠뮤즈 p1,1
2026-02-03,젠뮤즈 L2,3
2026-02-03,젠뮤즈 H30,4
2026-02-03,젠뮤즈 H30T,1
2026-02-03,Zenmuse V1,8
2026-02-03,Zenmuse S1,2
2026-02-03,Zenmuse L2,13
2026-02-03,Zenmuse P1,3
2026-02-03,Zenmuse L3,2
2026-02-03,Zenmuse H30,6
2026-02-03,Zenmuse H30T,3
2026-02-03,M400 RTK,1
2026-02-03,dji m400,1
2026-02-03,dji 매트리스 400,1
2026-02-03,DJI matrice4,1
2026-02-03,DJI 매트리스4,1
2026-02-03,DJI 매트리스4 배터리,1
2026-02-03,DJI FlightHub 2,4
2026-02-03,DJI AS1 Speaker,1
2026-02-03,DJI AL1 SpotLight,1
2026-02-03,dji 모디파이,1
2026-02-03,dji modify,1
2026-02-03,D-RTK 3,89
2026-02-03,D-RTK 모바일스테이션,38
2026-02-03,DJI TB100,16
2026-02-03,DJI TB65,2
2026-02-03,rs4 mini,4
2026-02-03,rs4 미니,4
2026-02-03,dji mini 4k,10
2026-02-03,dji 미니 4k,10
2026-02-03,osmo action 6,16
2026-02-03,오즈모 액션 6,16
2026-02-03,osmo pocket 3,999
2026-02-03,오즈모 포켓 3,999
2026-02-03,오즈모 모바일 8,999
2026-02-03,osmo mobile 8,999
2026-02-03,dji osmo,43
2026-02-03,dji 오즈모,43
2026-02-03,dji ronin,2
2026-02-03,dji 로닌,2
2026-02-03,dji osmo nano,8
2026-02-03,dji 오즈모 나노,8
2026-02-03,osmo nano,999
2026-02-03,오즈모 나노,999
2026-02-03,매트리스4TD,9
2026-02-03,DJI DOCK3,1
2026-02-03,dji 드론,27
2026-02-03,dji drone,27
2026-02-03,산업용 드론,1
2026-02-03,측량용 드론,6
2026-02-03,열화상 드론,1
2026-02-03,촬영용 드론,18
2026-02-03,DJI 관제,1
2026-02-03,유튜브 드론,13
2026-02-03,유튜브 마이크,999
2026-02-03,fpv 드론,999
2026-02-03,dji flighthub,1
2026-02-03,dji flighthub 2,4
2026-02-03,플라이트 허브2,24
2026-02-03,플라이트 허브,72
